Built,n,prop
3.3.2,14,0.08536585365853659
3.3.3,150,0.9146341463414634
